{
  "1": {
    "timeToFirstChunk": {
      "min": 635.4828749999999,
      "max": 635.4828749999999,
      "average": 635.4828749999999,
      "p50": 635.4828749999999,
      "p75": 635.4828749999999,
      "p95": 635.4828749999999,
      "p99": 635.4828749999999,
      "p100": 635.4828749999999
    },
    "totalTime": {
      "min": 4976.509958000001,
      "max": 4976.509958000001,
      "average": 4976.509958000001,
      "p50": 4976.509958000001,
      "p75": 4976.509958000001,
      "p95": 4976.509958000001,
      "p99": 4976.509958000001,
      "p100": 4976.509958000001
    },
    "chunkCount": {
      "min": 317,
      "max": 317,
      "average": 317,
      "p50": 317,
      "p75": 317,
      "p95": 317,
      "p99": 317,
      "p100": 317
    },
    "averageChunksPerSecond": {
      "min": 63.69925965694209,
      "max": 63.69925965694209,
      "average": 63.69925965694209,
      "p50": 63.69925965694209,
      "p75": 63.69925965694209,
      "p95": 63.69925965694209,
      "p99": 63.69925965694209,
      "p100": 63.69925965694209
    }
  },
  "2": {
    "timeToFirstChunk": {
      "min": 343.56091599999945,
      "max": 499.343167,
      "average": 421.4520414999997,
      "p50": 421.4520414999997,
      "p75": 460.39760424999986,
      "p95": 491.55405444999997,
      "p99": 497.78534449,
      "p100": 499.343167
    },
    "totalTime": {
      "min": 6180.655166,
      "max": 7252.234958000001,
      "average": 6716.445062000001,
      "p50": 6716.445062000001,
      "p75": 6984.340010000001,
      "p95": 7198.6559684,
      "p99": 7241.519160080001,
      "p100": 7252.234958000001
    },
    "chunkCount": {
      "min": 349,
      "max": 415,
      "average": 382,
      "p50": 382,
      "p75": 398.5,
      "p95": 411.70000000000005,
      "p99": 414.34000000000003,
      "p100": 415
    },
    "averageChunksPerSecond": {
      "min": 56.46650567400382,
      "max": 57.22373894439397,
      "average": 56.8451223091989,
      "p50": 56.8451223091989,
      "p75": 57.034430626796436,
      "p95": 57.185877280874465,
      "p99": 57.21616661169007,
      "p100": 57.22373894439397
    }
  },
  "3": {
    "timeToFirstChunk": {
      "min": 350.62487500000134,
      "max": 504.20916600000055,
      "average": 411.27647200000075,
      "p50": 378.9953750000004,
      "p75": 441.6022705000005,
      "p95": 491.6877869000005,
      "p99": 501.7048901800005,
      "p100": 504.20916600000055
    },
    "totalTime": {
      "min": 5814.5687910000015,
      "max": 6975.346125000002,
      "average": 6541.105875000001,
      "p50": 6833.402709000002,
      "p75": 6904.374417000002,
      "p95": 6961.151783400002,
      "p99": 6972.507256680003,
      "p100": 6975.346125000002
    },
    "chunkCount": {
      "min": 269,
      "max": 348,
      "average": 317.6666666666667,
      "p50": 336,
      "p75": 342,
      "p95": 346.8,
      "p99": 347.76000000000005,
      "p100": 348
    },
    "averageChunksPerSecond": {
      "min": 46.26310388078439,
      "max": 49.88999739421532,
      "average": 48.44111125991079,
      "p50": 49.170232504732645,
      "p75": 49.53011494947398,
      "p95": 49.818020905267055,
      "p99": 49.875602096425666,
      "p100": 49.88999739421532
    }
  },
  "4": {
    "timeToFirstChunk": {
      "min": 431.06024999999863,
      "max": 505.02150000000256,
      "average": 450.04452075000063,
      "p50": 432.04816650000066,
      "p75": 450.76287525000043,
      "p95": 494.1697750500021,
      "p99": 502.85115501000246,
      "p100": 505.02150000000256
    },
    "totalTime": {
      "min": 6028.6342079999995,
      "max": 8153.241875,
      "average": 7039.03345825,
      "p50": 6987.128875,
      "p75": 7508.481750500001,
      "p95": 8024.289850099999,
      "p99": 8127.45147002,
      "p100": 8153.241875
    },
    "chunkCount": {
      "min": 263,
      "max": 398,
      "average": 321.5,
      "p50": 312.5,
      "p75": 345.5,
      "p95": 387.49999999999994,
      "p99": 395.9,
      "p100": 398
    },
    "averageChunksPerSecond": {
      "min": 43.62513812017304,
      "max": 48.814938413684686,
      "average": 45.46692290840548,
      "p50": 44.71380754988208,
      "p75": 45.932111741362505,
      "p95": 48.238373079220246,
      "p99": 48.6996253467918,
      "p100": 48.814938413684686
    }
  },
  "5": {
    "timeToFirstChunk": {
      "min": 355.7852920000005,
      "max": 7517.657583000004,
      "average": 1806.0567584000012,
      "p50": 386.096375000001,
      "p75": 386.70833400000265,
      "p95": 6091.467733200003,
      "p99": 7232.419613040004,
      "p100": 7517.657583000004
    },
    "totalTime": {
      "min": 7477.606042000003,
      "max": 14116.646875000002,
      "average": 9926.631100200004,
      "p50": 9016.391917,
      "p75": 10161.222500000003,
      "p95": 13325.562000000002,
      "p99": 13958.429900000003,
      "p100": 14116.646875000002
    },
    "chunkCount": {
      "min": 327,
      "max": 467,
      "average": 396.6,
      "p50": 397,
      "p75": 417,
      "p95": 457,
      "p99": 465,
      "p100": 467
    },
    "averageChunksPerSecond": {
      "min": 29.539592772451492,
      "max": 45.959036917063855,
      "average": 41.115804655977286,
      "p50": 43.730573416587575,
      "p75": 44.03091654118034,
      "p95": 45.57341284188715,
      "p99": 45.881912102028515,
      "p100": 45.959036917063855
    }
  },
  "6": {
    "timeToFirstChunk": {
      "min": 350.5144169999985,
      "max": 8976.549666000006,
      "average": 2850.625492666666,
      "p50": 499.4972909999997,
      "p75": 4837.466791249999,
      "p95": 8303.115770250004,
      "p99": 8841.862886850005,
      "p100": 8976.549666000006
    },
    "totalTime": {
      "min": 6219.879458000003,
      "max": 15538.572333000004,
      "average": 10277.580618,
      "p50": 9736.524124999996,
      "p75": 11242.282687500003,
      "p95": 14530.210062250004,
      "p99": 15336.899878850005,
      "p100": 15538.572333000004
    },
    "chunkCount": {
      "min": 258,
      "max": 464,
      "average": 366.8333333333333,
      "p50": 395,
      "p75": 416.75,
      "p95": 453.75,
      "p99": 461.95,
      "p100": 464
    },
    "averageChunksPerSecond": {
      "min": 22.424792363697616,
      "max": 44.57455726849898,
      "average": 37.47273058171124,
      "p50": 43.11425825108725,
      "p75": 44.15505798726723,
      "p95": 44.52740274761169,
      "p99": 44.565126364321515,
      "p100": 44.57455726849898
    }
  },
  "7": {
    "timeToFirstChunk": {
      "min": 344.3947079999998,
      "max": 8467.390791000005,
      "average": 3587.8356964285726,
      "p50": 517.5002079999977,
      "p75": 7436.943813000002,
      "p95": 8177.8961664000035,
      "p99": 8409.491866080005,
      "p100": 8467.390791000005
    },
    "totalTime": {
      "min": 7329.173917,
      "max": 15134.286333000004,
      "average": 10789.452672714286,
      "p50": 10061.843500000003,
      "p75": 13568.586187999997,
      "p95": 14667.2194332,
      "p99": 15040.872953040003,
      "p100": 15134.286333000004
    },
    "chunkCount": {
      "min": 292,
      "max": 446,
      "average": 343.7142857142857,
      "p50": 320,
      "p75": 367.5,
      "p95": 424.7,
      "p99": 441.73999999999995,
      "p100": 446
    },
    "averageChunksPerSecond": {
      "min": 21.53427949447509,
      "max": 44.524876820444106,
      "average": 34.585957792416494,
      "p50": 42.978922804568505,
      "p75": 43.66416711324207,
      "p95": 44.46517575997483,
      "p99": 44.51293660835025,
      "p100": 44.524876820444106
    }
  },
  "8": {
    "timeToFirstChunk": {
      "min": 349.9506249999977,
      "max": 8905.903875000004,
      "average": 4152.758051999999,
      "p50": 3745.2440829999978,
      "p75": 7532.830313000002,
      "p95": 8765.310231250003,
      "p99": 8877.785146250004,
      "p100": 8905.903875000004
    },
    "totalTime": {
      "min": 6943.959625000003,
      "max": 16248.251917000001,