{
  "concurrent-10-same-prompt-cold-start": {
    "timeToFirstChunk": {
      "min": 66337.83725,
      "max": 66653.838,
      "average": 66620.1911791,
      "p50": 66651.59449999999,
      "p75": 66653.13226050002,
      "p95": 66653.66302515,
      "p99": 66653.80300503,
      "p100": 66653.838
    },
    "totalTime": {
      "min": 74204.131792,
      "max": 79332.478875,
      "average": 76766.02265400001,
      "p50": 76854.7292705,
      "p75": 77470.55905175001,
      "p95": 78673.94516250001,
      "p99": 79200.7721325,
      "p100": 79332.478875
    },
    "chunkCount": {
      "min": 257,
      "max": 435,
      "average": 345,
      "p50": 348.5,
      "p75": 370.25,
      "p95": 410.69999999999993,
      "p99": 430.14000000000004,
      "p100": 435
    },
    "averageChunksPerSecond": {
      "min": 3.4634190009848935,
      "max": 5.483252334588038,
      "average": 4.484833804786422,
      "p50": 4.529448205077408,
      "p75": 4.787805794803306,
      "p95": 5.217561562661871,
      "p99": 5.430114180202805,
      "p100": 5.483252334588038
    }
  },
  "concurrent-10-same-prompt-warm": {
    "timeToFirstChunk": {
      "min": 568.238583,
      "max": 617.3435420000001,
      "average": 593.6596333,
      "p50": 593.683854,
      "p75": 594.6494682499999,
      "p95": 608.8362731000001,
      "p99": 615.64208822,
      "p100": 617.3435420000001
    },
    "totalTime": {
      "min": 8443.687791,
      "max": 13016.414875,
      "average": 10833.494779300001,
      "p50": 10788.3498545,
      "p75": 11460.037916750001,
      "p95": 12890.0339689,
      "p99": 12991.13869378,
      "p100": 13016.414875
    },
    "chunkCount": {
      "min": 267,
      "max": 424,
      "average": 348,
      "p50": 346,
      "p75": 369.25,
      "p95": 419.5,
      "p99": 423.09999999999997,
      "p100": 424
    },
    "averageChunksPerSecond": {
      "min": 31.621254433944287,
      "max": 32.57425366906185,
      "average": 32.087830323064786,
      "p50": 32.07143539978892,
      "p75": 32.22794157160625,
      "p95": 32.54416185900482,
      "p99": 32.56823530705044,
      "p100": 32.57425366906185
    }
  },
  "sequential-same-prompt": {
    "timeToFirstChunk": {
      "min": 446.0225000000064,
      "max": 63891.904917,
      "average": 6837.0248206999995,
      "p50": 495.560270499991,
      "p75": 535.0882082499957,
      "p95": 35399.704223099936,
      "p99": 58193.464778220005,
      "p100": 63891.904917
    },
    "totalTime": {
      "min": 8470.825584000006,
      "max": 74389.3935,
      "average": 16393.501387499997,
      "p50": 10149.276895500007,
      "p75": 11081.401218749987,
      "p95": 45995.496731249936,
      "p99": 68710.61414625002,
      "p100": 74389.3935
    },
    "chunkCount": {
      "min": 291,
      "max": 393,
      "average": 348.5,
      "p50": 352,
      "p75": 378.75,
      "p95": 391.65,
      "p99": 392.73,
      "p100": 393
    },
    "averageChunksPerSecond": {
      "min": 5.135140670289239,
      "max": 34.803877988895124,
      "average": 31.690313731734694,
      "p50": 34.67830986366114,
      "p75": 34.69660599757593,
      "p95": 34.798351191641345,
      "p99": 34.80277262944437,
      "p100": 34.803877988895124
    }
  }
}