{
  "concurrent-10-same-prompt-cold-start": {
    "timeToFirstChunk": {
      "min": 10226.645,
      "max": 25438.313374999998,
      "average": 16485.5718666,
      "p50": 18036.187958000002,
      "p75": 18531.192573,
      "p95": 25382.75735015,
      "p99": 25427.20217003,
      "p100": 25438.313374999998
    },
    "totalTime": {
      "min": 17764.59025,
      "max": 32602.925,
      "average": 23893.7940915,
      "p50": 25329.229875,
      "p75": 25864.1015415,
      "p95": 32005.623087199994,
      "p99": 32483.464617439997,
      "p100": 32602.925
    },
    "chunkCount": {
      "min": 303,
      "max": 444,
      "average": 361.2,
      "p50": 356.5,
      "p75": 377,
      "p95": 419.24999999999994,
      "p99": 439.05,
      "p100": 444
    },
    "averageChunksPerSecond": {
      "min": 10.967020233312315,
      "max": 20.995403079056455,
      "average": 15.874167415339198,
      "p50": 13.759413526918534,
      "p75": 20.418030316342403,
      "p95": 20.844330266998412,
      "p99": 20.965188516644847,
      "p100": 20.995403079056455
    }
  },
  "concurrent-10-same-prompt-warm": {
    "timeToFirstChunk": {
      "min": 2452.957167,
      "max": 16461.629916,
      "average": 7562.4445748,
      "p50": 8465.9159995,
      "p75": 9485.647042,
      "p95": 15183.73621005,
      "p99": 16206.051174810003,
      "p100": 16461.629916
    },
    "totalTime": {
      "min": 7819.949833000001,
      "max": 21559.719958,
      "average": 14301.5846958,
      "p50": 14989.872916499999,
      "p75": 18000.39022925,
      "p95": 21080.7902644,
      "p99": 21463.93401928,
      "p100": 21559.719958
    },
    "chunkCount": {
      "min": 251,
      "max": 425,
      "average": 323.1,
      "p50": 323.5,
      "p75": 346,
      "p95": 392.5999999999999,
      "p99": 418.52,
      "p100": 425
    },
    "averageChunksPerSecond": {
      "min": 13.914837511081922,
      "max": 34.97230656572563,
      "average": 25.0033981457455,
      "p50": 21.90416685255791,
      "p75": 33.514378888192795,
      "p95": 34.74725391869862,
      "p99": 34.92729603632023,
      "p100": 34.97230656572563
    }
  },
  "sequential-same-prompt": {
    "timeToFirstChunk": {
      "min": 472.127999999997,
      "max": 10196.388125,
      "average": 1467.0096583000006,
      "p50": 503.71293750000314,
      "p75": 519.3771662499985,
      "p95": 5843.35514374999,
      "p99": 9325.781528750002,
      "p100": 10196.388125
    },
    "totalTime": {
      "min": 4511.454957999998,
      "max": 14493.526,
      "average": 6119.1966082,
      "p50": 5294.502333499997,
      "p75": 5494.136552,
      "p95": 10559.758937649993,
      "p99": 13706.772587530002,
      "p100": 14493.526
    },
    "chunkCount": {
      "min": 313,
      "max": 404,
      "average": 360.7,
      "p50": 363.5,
      "p75": 375.75,
      "p95": 398.6,
      "p99": 402.91999999999996,
      "p100": 404
    },
    "averageChunksPerSecond": {
      "min": 23.251760820658824,
      "max": 70.89859859062813,
      "average": 65.32766943571716,
      "p50": 69.92304705626557,
      "p75": 70.19838439509103,
      "p95": 70.72291086427549,
      "p99": 70.86346104535761,
      "p100": 70.89859859062813
    }
  }
}