{
  "1": {
    "timeToFirstChunk": {
      "min": 542.0622089999999,
      "max": 542.0622089999999,
      "average": 542.0622089999999,
      "p50": 542.0622089999999,
      "p75": 542.0622089999999,
      "p95": 542.0622089999999,
      "p99": 542.0622089999999,
      "p100": 542.0622089999999
    },
    "totalTime": {
      "min": 11382.100084000002,
      "max": 11382.100084000002,
      "average": 11382.100084000002,
      "p50": 11382.100084000002,
      "p75": 11382.100084000002,
      "p95": 11382.100084000002,
      "p99": 11382.100084000002,
      "p100": 11382.100084000002
    },
    "chunkCount": {
      "min": 395,
      "max": 395,
      "average": 395,
      "p50": 395,
      "p75": 395,
      "p95": 395,
      "p99": 395,
      "p100": 395
    },
    "averageChunksPerSecond": {
      "min": 34.70361331256064,
      "max": 34.70361331256064,
      "average": 34.70361331256064,
      "p50": 34.70361331256064,
      "p75": 34.70361331256064,
      "p95": 34.70361331256064,
      "p99": 34.70361331256064,
      "p100": 34.70361331256064
    }
  },
  "2": {
    "timeToFirstChunk": {
      "min": 369.9817920000005,
      "max": 644.4542089999995,
      "average": 507.2180005,
      "p50": 507.2180005,
      "p75": 575.8361047499998,
      "p95": 630.7305881499996,
      "p99": 641.7094848299995,
      "p100": 644.4542089999995
    },
    "totalTime": {
      "min": 10468.559334,
      "max": 10939.600459000001,
      "average": 10704.0798965,
      "p50": 10704.0798965,
      "p75": 10821.84017775,
      "p95": 10916.048402750002,
      "p99": 10934.890047750001,
      "p100": 10939.600459000001
    },
    "chunkCount": {
      "min": 360,
      "max": 370,
      "average": 365,
      "p50": 365,
      "p75": 367.5,
      "p95": 369.5,
      "p99": 369.90000000000003,
      "p100": 370
    },
    "averageChunksPerSecond": {
      "min": 33.82207617057909,
      "max": 34.388686018216916,
      "average": 34.105381094398,
      "p50": 34.105381094398,
      "p75": 34.24703355630746,
      "p95": 34.360355525835026,
      "p99": 34.38301991974054,
      "p100": 34.388686018216916
    }
  },
  "3": {
    "timeToFirstChunk": {
      "min": 359.0184999999983,
      "max": 489.07791700000234,
      "average": 407.3755836666678,
      "p50": 374.03033400000277,
      "p75": 431.55412550000256,
      "p95": 477.57315870000235,
      "p99": 486.77696534000233,
      "p100": 489.07791700000234
    },
    "totalTime": {
      "min": 12186.560791999997,
      "max": 12828.607125000002,
      "average": 12451.334000333334,
      "p50": 12338.834083999998,
      "p75": 12583.7206045,
      "p95": 12779.629820900002,
      "p99": 12818.81166418,
      "p100": 12828.607125000002
    },
    "chunkCount": {
      "min": 415,
      "max": 435,
      "average": 423.6666666666667,
      "p50": 421,
      "p75": 428,
      "p95": 433.59999999999997,
      "p99": 434.72,
      "p100": 435
    },
    "averageChunksPerSecond": {
      "min": 33.908591615709014,
      "max": 34.119917419581704,
      "average": 34.02747179675584,
      "p50": 34.05390635497682,
      "p75": 34.08691188727926,
      "p95": 34.11331631312122,
      "p99": 34.118597198289606,
      "p100": 34.119917419581704
    }
  },
  "4": {
    "timeToFirstChunk": {
      "min": 354.27679199999693,
      "max": 480.6270829999994,
      "average": 391.68058324999765,
      "p50": 365.90922899999714,
      "p75": 395.1552079999983,
      "p95": 463.53270799999916,
      "p99": 477.20820799999933,
      "p100": 480.6270829999994
    },
    "totalTime": {
      "min": 9125.765207999997,
      "max": 13524.759915999995,
      "average": 11331.994343749997,
      "p50": 11338.726125499998,
      "p75": 12106.951572999997,
      "p95": 13241.198247399996,
      "p99": 13468.047582279994,
      "p100": 13524.759915999995
    },
    "chunkCount": {
      "min": 307,
      "max": 464,
      "average": 382.5,
      "p50": 379.5,
      "p75": 404,
      "p95": 452,
      "p99": 461.59999999999997,
      "p100": 464
    },
    "averageChunksPerSecond": {
      "min": 33.00571496223715,
      "max": 34.30744818257964,
      "average": 33.72800576987788,
      "p50": 33.799429967347365,
      "p75": 34.04524609585361,
      "p95": 34.25500776523443,
      "p99": 34.2969600991106,
      "p100": 34.30744818257964
    }
  },
  "5": {
    "timeToFirstChunk": {
      "min": 361.354124999998,
      "max": 495.66383399999904,
      "average": 422.38585860000023,
      "p50": 382.98999999999796,
      "p75": 495.01400000000285,
      "p95": 495.5338671999998,
      "p99": 495.6378406399992,
      "p100": 495.66383399999904
    },
    "totalTime": {
      "min": 9331.838916,
      "max": 13520.205709000002,
      "average": 11001.075300200002,
      "p50": 11049.118542000004,
      "p75": 11112.115624999999,
      "p95": 13038.5876922,
      "p99": 13423.882105640003,
      "p100": 13520.205709000002
    },
    "chunkCount": {
      "min": 310,
      "max": 460,
      "average": 367.8,
      "p50": 367,
      "p75": 372,
      "p95": 442.4,
      "p99": 456.47999999999996,
      "p100": 460
    },
    "averageChunksPerSecond": {
      "min": 33.026098183844326,
      "max": 34.02315097127491,
      "average": 33.39222932090364,
      "p50": 33.219604709258995,
      "p75": 33.47697347236702,
      "p95": 33.91391547149333,
      "p99": 34.00130387131859,
      "p100": 34.02315097127491
    }
  },
  "6": {
    "timeToFirstChunk": {
      "min": 355.049874999997,
      "max": 463.72508299999754,
      "average": 400.75220833333395,
      "p50": 374.8677915000044,
      "p75": 440.3048645000017,
      "p95": 463.2961559999985,
      "p99": 463.63929759999775,
      "p100": 463.72508299999754
    },
    "totalTime": {
      "min": 8503.561375000005,
      "max": 13934.607708999996,
      "average": 10791.925597333335,
      "p50": 10558.561291500006,
      "p75": 11418.731562750001,
      "p95": 13324.972604749997,
      "p99": 13812.680688149998,
      "p100": 13934.607708999996
    },
    "chunkCount": {
      "min": 279,
      "max": 471,
      "average": 360.6666666666667,
      "p50": 352.5,
      "p75": 383.25,
      "p95": 449.75,
      "p99": 466.75000000000006,
      "p100": 471
    },
    "averageChunksPerSecond": {
      "min": 32.80978259535404,
      "max": 33.80073625580385,
      "average": 33.373115414459136,
      "p50": 33.41008904594737,
      "p75": 33.56299411036665,
      "p95": 33.744727134370265,
      "p99": 33.789534431517126,
      "p100": 33.80073625580385
    }
  },
  "7": {
    "timeToFirstChunk": {
      "min": 363.85479199999827,
      "max": 501.5452500000101,
      "average": 428.46991057143066,
      "p50": 379.762625000003,
      "p75": 499.51656200000434,
      "p95": 501.3634749000077,
      "p99": 501.50889498000964,
      "p100": 501.5452500000101
    },
    "totalTime": {
      "min": 8127.615624999991,
      "max": 13238.288,
      "average": 10270.081904714287,
      "p50": 9648.559083,
      "p75": 10961.860687500004,
      "p95": 12742.2057998,
      "p99": 13139.07155996,
      "p100": 13238.288
    },
    "chunkCount": {
      "min": 268,
      "max": 444,
      "average": 340.2857142857143,
      "p50": 319,
      "p75": 364,
      "p95": 427.19999999999993,
      "p99": 440.64,
      "p100": 444
    },
    "averageChunksPerSecond": {
      "min": 32.74444958121432,
      "max": 33.53907997771313,
      "average": 33.09990745870773,
      "p50": 33.00232114872881,
      "p75": 33.27721935058801,
      "p95": 33.525108128454704,
      "p99": 33.536285607861444,
      "p100": 33.53907997771313
    }
  },
  "8": {
    "timeToFirstChunk": {
      "min": 351.6677919999929,
      "max": 465.5067090000084,
      "average": 401.68974512500245,
      "p50": 386.58756249999715,
      "p75": 406.4325942500036,
      "p95": 465.0418358500086,
      "p99": 465.41373437000846,
      "p100": 465.5067090000084
    },
    "totalTime": {
      "min": 5128.391125000009,